af-ZA.po	Personal information	missing-entry
af-ZA.po	This information will be saved in the new resume and can be reused later.	missing-entry
af-ZA.po	Start with a title, then save the personal details you want to reuse later.	missing-entry
af-ZA.po	Full Name	missing-entry
am-ET.po	Personal information	missing-entry
am-ET.po	This information will be saved in the new resume and can be reused later.	missing-entry
am-ET.po	Start with a title, then save the personal details you want to reuse later.	missing-entry
am-ET.po	Full Name	missing-entry
ar-SA.po	Personal information	missing-entry
ar-SA.po	This information will be saved in the new resume and can be reused later.	missing-entry
ar-SA.po	Start with a title, then save the personal details you want to reuse later.	missing-entry
ar-SA.po	Full Name	missing-entry
az-AZ.po	Personal information	missing-entry
az-AZ.po	This information will be saved in the new resume and can be reused later.	missing-entry
az-AZ.po	Start with a title, then save the personal details you want to reuse later.	missing-entry
az-AZ.po	Full Name	missing-entry
bg-BG.po	Personal information	missing-entry
bg-BG.po	This information will be saved in the new resume and can be reused later.	missing-entry
bg-BG.po	Start with a title, then save the personal details you want to reuse later.	missing-entry
bg-BG.po	Full Name	missing-entry
bn-BD.po	Personal information	missing-entry
bn-BD.po	This information will be saved in the new resume and can be reused later.	missing-entry
bn-BD.po	Start with a title, then save the personal details you want to reuse later.	missing-entry
bn-BD.po	Full Name	missing-entry
ca-ES.po	Personal information	missing-entry
ca-ES.po	This information will be saved in the new resume and can be reused later.	missing-entry
ca-ES.po	Start with a title, then save the personal details you want to reuse later.	missing-entry
ca-ES.po	Full Name	missing-entry
cs-CZ.po	Personal information	missing-entry
cs-CZ.po	This information will be saved in the new resume and can be reused later.	missing-entry
cs-CZ.po	Start with a title, then save the personal details you want to reuse later.	missing-entry
cs-CZ.po	Full Name	missing-entry
da-DK.po	Personal information	missing-entry
da-DK.po	This information will be saved in the new resume and can be reused later.	missing-entry
da-DK.po	Start with a title, then save the personal details you want to reuse later.	missing-entry
da-DK.po	Full Name	missing-entry
de-DE.po	Personal information	missing-entry
de-DE.po	This information will be saved in the new resume and can be reused later.	missing-entry
de-DE.po	Start with a title, then save the personal details you want to reuse later.	missing-entry
de-DE.po	Full Name	missing-entry
el-GR.po	Personal information	missing-entry
el-GR.po	This information will be saved in the new resume and can be reused later.	missing-entry
el-GR.po	Start with a title, then save the personal details you want to reuse later.	missing-entry
el-GR.po	Full Name	missing-entry
en-GB.po	Personal information	missing-entry
en-GB.po	This information will be saved in the new resume and can be reused later.	missing-entry
en-GB.po	Start with a title, then save the personal details you want to reuse later.	missing-entry
en-GB.po	Full Name	missing-entry
en-US.po	Personal information	missing-entry
en-US.po	This information will be saved in the new resume and can be reused later.	missing-entry
en-US.po	Start with a title, then save the personal details you want to reuse later.	missing-entry
en-US.po	Full Name	missing-entry
es-ES.po	Personal information	missing-entry
es-ES.po	This information will be saved in the new resume and can be reused later.	missing-entry
es-ES.po	Start with a title, then save the personal details you want to reuse later.	missing-entry
es-ES.po	Full Name	missing-entry
fa-IR.po	Personal information	missing-entry
fa-IR.po	This information will be saved in the new resume and can be reused later.	missing-entry
fa-IR.po	Start with a title, then save the personal details you want to reuse later.	missing-entry
fa-IR.po	Full Name	missing-entry
fi-FI.po	Personal information	missing-entry
fi-FI.po	This information will be saved in the new resume and can be reused later.	missing-entry
fi-FI.po	Start with a title, then save the personal details you want to reuse later.	missing-entry
fi-FI.po	Full Name	missing-entry
fr-FR.po	Personal information	missing-entry
fr-FR.po	This information will be saved in the new resume and can be reused later.	missing-entry
fr-FR.po	Start with a title, then save the personal details you want to reuse later.	missing-entry
fr-FR.po	Full Name	missing-entry
he-IL.po	Personal information	missing-entry
he-IL.po	This information will be saved in the new resume and can be reused later.	missing-entry
he-IL.po	Start with a title, then save the personal details you want to reuse later.	missing-entry
he-IL.po	Full Name	missing-entry
hi-IN.po	Personal information	missing-entry
hi-IN.po	This information will be saved in the new resume and can be reused later.	missing-entry
hi-IN.po	Start with a title, then save the personal details you want to reuse later.	missing-entry
hi-IN.po	Full Name	missing-entry
hu-HU.po	Personal information	missing-entry
hu-HU.po	This information will be saved in the new resume and can be reused later.	missing-entry
hu-HU.po	Start with a title, then save the personal details you want to reuse later.	missing-entry
hu-HU.po	Full Name	missing-entry
id-ID.po	Personal information	missing-entry
id-ID.po	This information will be saved in the new resume and can be reused later.	missing-entry
id-ID.po	Start with a title, then save the personal details you want to reuse later.	missing-entry
id-ID.po	Full Name	missing-entry
it-IT.po	Personal information	missing-entry
it-IT.po	This information will be saved in the new resume and can be reused later.	missing-entry
it-IT.po	Start with a title, then save the personal details you want to reuse later.	missing-entry
it-IT.po	Full Name	missing-entry
ja-JP.po	Personal information	missing-entry
ja-JP.po	This information will be saved in the new resume and can be reused later.	missing-entry
ja-JP.po	Start with a title, then save the personal details you want to reuse later.	missing-entry
ja-JP.po	Full Name	missing-entry
km-KH.po	Personal information	missing-entry
km-KH.po	This information will be saved in the new resume and can be reused later.	missing-entry
km-KH.po	Start with a title, then save the personal details you want to reuse later.	missing-entry
km-KH.po	Full Name	missing-entry
kn-IN.po	Personal information	missing-entry
kn-IN.po	This information will be saved in the new resume and can be reused later.	missing-entry
kn-IN.po	Start with a title, then save the personal details you want to reuse later.	missing-entry
kn-IN.po	Full Name	missing-entry
ko-KR.po	Personal information	missing-entry
ko-KR.po	This information will be saved in the new resume and can be reused later.	missing-entry
ko-KR.po	Start with a title, then save the personal details you want to reuse later.	missing-entry
ko-KR.po	Full Name	missing-entry
lt-LT.po	Personal information	missing-entry
lt-LT.po	This information will be saved in the new resume and can be reused later.	missing-entry
lt-LT.po	Start with a title, then save the personal details you want to reuse later.	missing-entry
lt-LT.po	Full Name	missing-entry
lv-LV.po	Personal information	missing-entry
lv-LV.po	This information will be saved in the new resume and can be reused later.	missing-entry
lv-LV.po	Start with a title, then save the personal details you want to reuse later.	missing-entry
lv-LV.po	Full Name	missing-entry
ml-IN.po	Personal information	missing-entry
ml-IN.po	This information will be saved in the new resume and can be reused later.	missing-entry
ml-IN.po	Start with a title, then save the personal details you want to reuse later.	missing-entry
ml-IN.po	Full Name	missing-entry
mr-IN.po	Personal information	missing-entry
mr-IN.po	This information will be saved in the new resume and can be reused later.	missing-entry
mr-IN.po	Start with a title, then save the personal details you want to reuse later.	missing-entry
mr-IN.po	Full Name	missing-entry
ms-MY.po	Personal information	missing-entry
ms-MY.po	This information will be saved in the new resume and can be reused later.	missing-entry
ms-MY.po	Start with a title, then save the personal details you want to reuse later.	missing-entry
ms-MY.po	Full Name	missing-entry
ne-NP.po	Personal information	missing-entry
ne-NP.po	This information will be saved in the new resume and can be reused later.	missing-entry
ne-NP.po	Start with a title, then save the personal details you want to reuse later.	missing-entry
ne-NP.po	Full Name	missing-entry
nl-NL.po	Personal information	missing-entry
nl-NL.po	This information will be saved in the new resume and can be reused later.	missing-entry
nl-NL.po	Start with a title, then save the personal details you want to reuse later.	missing-entry
nl-NL.po	Full Name	missing-entry
no-NO.po	Personal information	missing-entry
no-NO.po	This information will be saved in the new resume and can be reused later.	missing-entry
no-NO.po	Start with a title, then save the personal details you want to reuse later.	missing-entry
no-NO.po	Full Name	missing-entry
or-IN.po	Personal information	missing-entry
or-IN.po	This information will be saved in the new resume and can be reused later.	missing-entry
or-IN.po	Start with a title, then save the personal details you want to reuse later.	missing-entry
or-IN.po	Full Name	missing-entry
pl-PL.po	Personal information	missing-entry
pl-PL.po	This information will be saved in the new resume and can be reused later.	missing-entry
pl-PL.po	Start with a title, then save the personal details you want to reuse later.	missing-entry
pl-PL.po	Full Name	missing-entry
pt-BR.po	Personal information	missing-entry
pt-BR.po	This information will be saved in the new resume and can be reused later.	missing-entry
pt-BR.po	Start with a title, then save the personal details you want to reuse later.	missing-entry
pt-BR.po	Full Name	missing-entry
pt-PT.po	Personal information	missing-entry
pt-PT.po	This information will be saved in the new resume and can be reused later.	missing-entry
pt-PT.po	Start with a title, then save the personal details you want to reuse later.	missing-entry
pt-PT.po	Full Name	missing-entry
ro-RO.po	Personal information	missing-entry
ro-RO.po	This information will be saved in the new resume and can be reused later.	missing-entry
ro-RO.po	Start with a title, then save the personal details you want to reuse later.	missing-entry
ro-RO.po	Full Name	missing-entry
ru-RU.po	Personal information	missing-entry
ru-RU.po	This information will be saved in the new resume and can be reused later.	missing-entry
ru-RU.po	Start with a title, then save the personal details you want to reuse later.	missing-entry
ru-RU.po	Full Name	missing-entry
sk-SK.po	Personal information	missing-entry
sk-SK.po	This information will be saved in the new resume and can be reused later.	missing-entry
sk-SK.po	Start with a title, then save the personal details you want to reuse later.	missing-entry
sk-SK.po	Full Name	missing-entry
sl-SI.po	Personal information	missing-entry
sl-SI.po	This information will be saved in the new resume and can be reused later.	missing-entry
sl-SI.po	Start with a title, then save the personal details you want to reuse later.	missing-entry
sl-SI.po	Full Name	missing-entry
sq-AL.po	Personal information	missing-entry
sq-AL.po	This information will be saved in the new resume and can be reused later.	missing-entry
sq-AL.po	Start with a title, then save the personal details you want to reuse later.	missing-entry
sq-AL.po	Full Name	missing-entry
sr-SP.po	Personal information	missing-entry
sr-SP.po	This information will be saved in the new resume and can be reused later.	missing-entry
sr-SP.po	Start with a title, then save the personal details you want to reuse later.	missing-entry
sr-SP.po	Full Name	missing-entry
sv-SE.po	Personal information	missing-entry
sv-SE.po	This information will be saved in the new resume and can be reused later.	missing-entry
sv-SE.po	Start with a title, then save the personal details you want to reuse later.	missing-entry
sv-SE.po	Full Name	missing-entry
ta-IN.po	Personal information	missing-entry
ta-IN.po	This information will be saved in the new resume and can be reused later.	missing-entry
ta-IN.po	Start with a title, then save the personal details you want to reuse later.	missing-entry
ta-IN.po	Full Name	missing-entry
te-IN.po	Personal information	missing-entry
te-IN.po	This information will be saved in the new resume and can be reused later.	missing-entry
te-IN.po	Start with a title, then save the personal details you want to reuse later.	missing-entry
te-IN.po	Full Name	missing-entry
th-TH.po	Personal information	missing-entry
th-TH.po	This information will be saved in the new resume and can be reused later.	missing-entry
th-TH.po	Start with a title, then save the personal details you want to reuse later.	missing-entry
th-TH.po	Full Name	missing-entry
tr-TR.po	Personal information	missing-entry
tr-TR.po	This information will be saved in the new resume and can be reused later.	missing-entry
tr-TR.po	Start with a title, then save the personal details you want to reuse later.	missing-entry
tr-TR.po	Full Name	missing-entry
uk-UA.po	Personal information	missing-entry
uk-UA.po	This information will be saved in the new resume and can be reused later.	missing-entry
uk-UA.po	Start with a title, then save the personal details you want to reuse later.	missing-entry
uk-UA.po	Full Name	missing-entry
uz-UZ.po	Personal information	missing-entry
uz-UZ.po	This information will be saved in the new resume and can be reused later.	missing-entry
uz-UZ.po	Start with a title, then save the personal details you want to reuse later.	missing-entry
uz-UZ.po	Full Name	missing-entry
vi-VN.po	Personal information	missing-entry
vi-VN.po	This information will be saved in the new resume and can be reused later.	missing-entry
vi-VN.po	Start with a title, then save the personal details you want to reuse later.	missing-entry
vi-VN.po	Full Name	missing-entry
zh-TW.po	Personal information	missing-entry
zh-TW.po	This information will be saved in the new resume and can be reused later.	missing-entry
zh-TW.po	Start with a title, then save the personal details you want to reuse later.	missing-entry
zh-TW.po	Full Name	missing-entry
zu-ZA.po	Personal information	missing-entry
zu-ZA.po	This information will be saved in the new resume and can be reused later.	missing-entry
zu-ZA.po	Start with a title, then save the personal details you want to reuse later.	missing-entry
zu-ZA.po	Full Name	missing-entry
